{"v":"5.4.1","fr":29.9700012207031,"ip":0,"op":151.000006150356,"w":300,"h":300,"nm":"Comp 1","ddd":0,"assets":[],"layers":[{"ddd":0,"ind":1,"ty":4,"nm":"upload","sr":1,"ks":{"o":{"a":0,"k":100,"ix":11},"r":{"a":0,"k":0,"ix":10},"p":{"a":0,"k":[148.622,158.508,0],"ix":2},"a":{"a":0,"k":[71.96,60.223,0],"ix":1},"s":{"a":0,"k":[100,100,100],"ix":6}},"ao":0,"shapes":[{"ty":"gr","it":[{"ind":0,"ty":"sh","ix":1,"ks":{"a":0,"k":{"i":[[0,0],[0,0]],"o":[[0,0],[0,0]],"v":[[70.826,112.945],[70.826,57.453]],"c":false},"ix":2},"nm":"Path 1","mn":"ADBE Vector Shape - Group","hd":false},{"ty":"tm","s":{"a":1,"k":[{"i":{"x":[0],"y":[1]},"o":{"x":[0.51],"y":[0]},"n":["0_1_0p51_0"],"t":0,"s":[0],"e":[0]},{"t":28.7212511698405}],"ix":1},"e":{"a":1,"k":[{"i":{"x":[0],"y":[1]},"o":{"x":[0.51],"y":[0]},"n":["0_1_0p51_0"],"t":0,"s":[0],"e":[100]},{"t":28.7212511698405}],"ix":2},"o":{"a":0,"k":0,"ix":3},"m":1,"ix":2,"nm":"Trim Paths 1","mn":"ADBE Vector Filter - Trim","hd":false},{"ty":"st","c":{"a":0,"k":[0.10980392156862745,0.4666666666666667,0.9921568627450981,1],"ix":3},"o":{"a":0,"k":100,"ix":4},"w":{"a":0,"k":3,"ix":5},"lc":1,"lj":1,"ml":10,"ml2":{"a":0,"k":10,"ix":8},"nm":"Stroke 1","mn":"ADBE Vector Graphic - Stroke","hd":false},{"ty":"tr","p":{"a":1,"k":[{"i":{"x":0.51,"y":1},"o":{"x":0.5,"y":0},"n":"0p51_1_0p5_0","t":56.194,"s":[0,0],"e":[0,-7],"to":[0,0],"ti":[0,0]},{"i":{"x":0.51,"y":1},"o":{"x":0.5,"y":0},"n":"0p51_1_0p5_0","t":75.55,"s":[0,-7],"e":[0,0],"to":[0,0],"ti":[0,0]},{"i":{"x":0.51,"y":0.51},"o":{"x":0.167,"y":0.167},"n":"0p51_0p51_0p167_0p167","t":94.905,"s":[0,0],"e":[0,0],"to":[0,0],"ti":[0,0]},{"i":{"x":0.51,"y":1},"o":{"x":0.5,"y":0},"n":"0p51_1_0p5_0","t":97.403,"s":[0,0],"e":[0,-7],"to":[0,0],"ti":[0,0]},{"i":{"x":0.51,"y":1},"o":{"x":0.5,"y":0},"n":"0p51_1_0p5_0","t":116.759,"s":[0,-7],"e":[0,0],"to":[0,0],"ti":[0,0]},{"i":{"x":0.51,"y":0.51},"o":{"x":0.167,"y":0.167},"n":"0p51_0p51_0p167_0p167","t":136.114,"s":[0,0],"e":[0,0],"to":[0,0],"ti":[0,0]},{"i":{"x":0.51,"y":1},"o":{"x":0.5,"y":0},"n":"0p51_1_0p5_0","t":137.363,"s":[0,0],"e":[0,-7],"to":[0,0],"ti":[0,0]},{"i":{"x":0.51,"y":1},"o":{"x":0.5,"y":0},"n":"0p51_1_0p5_0","t":156.719,"s":[0,-7],"e":[0,0],"to":[0,0],"ti":[0,0]},{"i":{"x":0.51,"y":0.51},"o":{"x":0.167,"y":0.167},"n":"0p51_0p51_0p167_0p167","t":176.074,"s":[0,0],"e":[0,0],"to":[0,0],"ti":[0,0]},{"i":{"x":0.51,"y":1},"o":{"x":0.5,"y":0},"n":"0p51_1_0p5_0","t":177.323,"s":[0,0],"e":[0,-7],"to":[0,0],"ti":[0,0]},{"i":{"x":0.51,"y":1},"o":{"x":0.5,"y":0},"n":"0p51_1_0p5_0","t":196.679,"s":[0,-7],"e":[0,0],"to":[0,0],"ti":[0,0]},{"i":{"x":0.51,"y":0.51},"o":{"x":0.167,"y":0.167},"n":"0p51_0p51_0p167_0p167","t":216.034,"s":[0,0],"e":[0,0],"to":[0,0],"ti":[0,0]},{"i":{"x":0.51,"y":1},"o":{"x":0.5,"y":0},"n":"0p51_1_0p5_0","t":217.283,"s":[0,0],"e":[0,-7],"to":[0,0],"ti":[0,0]},{"i":{"x":0.51,"y":1},"o":{"x":0.5,"y":0},"n":"0p51_1_0p5_0","t":236.639,"s":[0,-7],"e":[0,0],"to":[0,0],"ti":[0,0]},{"i":{"x":0.51,"y":0.51},"o":{"x":0.167,"y":0.167},"n":"0p51_0p51_0p167_0p167","t":255.994,"s":[0,0],"e":[0,0],"to":[0,0],"ti":[0,0]},{"i":{"x":0.51,"y":1},"o":{"x":0.5,"y":0},"n":"0p51_1_0p5_0","t":257.243,"s":[0,0],"e":[0,-7],"to":[0,0],"ti":[0,0]},{"i":{"x":0.51,"y":1},"o":{"x":0.5,"y":0},"n":"0p51_1_0p5_0","t":276.599,"s":[0,-7],"e":[0,0],"to":[0,0],"ti":[0,0]},{"t":295.953762054443}],"ix":2},"a":{"a":0,"k":[0,0],"ix":1},"s":{"a":0,"k":[100,100],"ix":3},"r":{"a":0,"k":0,"ix":6},"o":{"a":0,"k":100,"ix":7},"sk":{"a":0,"k":0,"ix":4},"sa":{"a":0,"k":0,"ix":5},"nm":"Transform"}],"nm":"Group 1","np":3,"cix":2,"ix":1,"mn":"ADBE Vector Group","hd":false},{"ty":"gr","it":[{"ind":0,"ty":"sh","ix":1,"ks":{"a":0,"k":{"i":[[0,0],[0,0],[0,0]],"o":[[0,0],[0,0],[0,0]],"v":[[-18.417,7.574],[0.002,-7.574],[18.417,7.574]],"c":false},"ix":2},"nm":"Path 1","mn":"ADBE Vector Shape - Group","hd":false},{"ty":"tm","s":{"a":1,"k":[{"i":{"x":[0],"y":[1]},"o":{"x":[0.167],"y":[0.167]},"n":["0_1_0p167_0p167"],"t":17.483,"s":[50],"e":[0]},{"t":46.2037518819173}],"ix":1},"e":{"a":1,"k":[{"i":{"x":[0],"y":[1]},"o":{"x":[0.167],"y":[0.167]},"n":["0_1_0p167_0p167"],"t":17.483,"s":[50],"e":[100]},{"t":46.2037518819173}],"ix":2},"o":{"a":0,"k":0,"ix":3},"m":1,"ix":2,"nm":"Trim Paths 1","mn":"ADBE Vector Filter - Trim","hd":false},{"ty":"st","c":{"a":0,"k":[0.10980392156862745,0.4666666666666667,0.9921568627450981,1],"ix":3},"o":{"a":0,"k":100,"ix":4},"w":{"a":0,"k":3,"ix":5},"lc":1,"lj":1,"ml":10,"ml2":{"a":0,"k":10,"ix":8},"nm":"Stroke 1","mn":"ADBE Vector Graphic - Stroke","hd":false},{"ty":"tr","p":{"a":1,"k":[{"i":{"x":0.51,"y":1},"o":{"x":0.5,"y":0},"n":"0p51_1_0p5_0","t":56.194,"s":[70.826,65.268],"e":[70.826,56.268],"to":[0,0],"ti":[0,0]},{"i":{"x":0.51,"y":1},"o":{"x":0.5,"y":0},"n":"0p51_1_0p5_0","t":75.55,"s":[70.826,56.268],"e":[70.826,65.268],"to":[0,0],"ti":[0,0]},{"i":{"x":0.51,"y":0.51},"o":{"x":0.167,"y":0.167},"n":"0p51_0p51_0p167_0p167","t":94.905,"s":[70.826,65.268],"e":[70.826,65.268],"to":[0,0],"ti":[0,0]},{"i":{"x":0.51,"y":1},"o":{"x":0.5,"y":0},"n":"0p51_1_0p5_0","t":97.403,"s":[70.826,65.268],"e":[70.826,56.268],"to":[0,0],"ti":[0,0]},{"i":{"x":0.51,"y":1},"o":{"x":0.5,"y":0},"n":"0p51_1_0p5_0","t":116.759,"s":[70.826,56.268],"e":[70.826,65.268],"to":[0,0],"ti":[0,0]},{"i":{"x":0.51,"y":0.51},"o":{"x":0.167,"y":0.167},"n":"0p51_0p51_0p167_0p167","t":136.114,"s":[70.826,65.268],"e":[70.826,65.268],"to":[0,0],"ti":[0,0]},{"i":{"x":0.51,"y":1},"o":{"x":0.5,"y":0},"n":"0p51_1_0p5_0","t":137.363,"s":[70.826,65.268],"e":[70.826,56.268],"to":[0,0],"ti":[0,0]},{"i":{"x":0.51,"y":1},"o":{"x":0.5,"y":0},"n":"0p51_1_0p5_0","t":156.719,"s":[70.826,56.268],"e":[70.826,65.268],"to":[0,0],"ti":[0,0]},{"i":{"x":0.51,"y":0.51},"o":{"x":0.167,"y":0.167},"n":"0p51_0p51_0p167_0p167","t":176.074,"s":[70.826,65.268],"e":[70.826,65.268],"to":[0,0],"ti":[0,0]},{"i":{"x":0.51,"y":1},"o":{"x":0.5,"y":0},"n":"0p51_1_0p5_0","t":177.323,"s":[70.826,65.268],"e":[70.826,56.268],"to":[0,0],"ti":[0,0]},{"i":{"x":0.51,"y":1},"o":{"x":0.5,"y":0},"n":"0p51_1_0p5_0","t":196.679,"s":[70.826,56.268],"e":[70.826,65.268],"to":[0,0],"ti":[0,0]},{"i":{"x":0.51,"y":0.51},"o":{"x":0.167,"y":0.167},"n":"0p51_0p51_0p167_0p167","t":216.034,"s":[70.826,65.268],"e":[70.826,65.268],"to":[0,0],"ti":[0,0]},{"i":{"x":0.51,"y":1},"o":{"x":0.5,"y":0},"n":"0p51_1_0p5_0","t":217.283,"s":[70.826,65.268],"e":[70.826,56.268],"to":[0,0],"ti":[0,0]},{"i":{"x":0.51,"y":1},"o":{"x":0.5,"y":0},"n":"0p51_1_0p5_0","t":236.639,"s":[70.826,56.268],"e":[70.826,65.268],"to":[0,0],"ti":[0,0]},{"i":{"x":0.51,"y":0.51},"o":{"x":0.167,"y":0.167},"n":"0p51_0p51_0p167_0p167","t":255.994,"s":[70.826,65.268],"e":[70.826,65.268],"to":[0,0],"ti":[0,0]},{"i":{"x":0.51,"y":1},"o":{"x":0.5,"y":0},"n":"0p51_1_0p5_0","t":257.243,"s":[70.826,65.268],"e":[70.826,56.268],"to":[0,0],"ti":[0,0]},{"i":{"x":0.51,"y":1},"o":{"x":0.5,"y":0},"n":"0p51_1_0p5_0","t":276.599,"s":[70.826,56.268],"e":[70.826,65.268],"to":[0,0],"ti":[0,0]},{"t":295.953762054443}],"ix":2},"a":{"a":0,"k":[0,0],"ix":1},"s":{"a":0,"k":[100,100],"ix":3},"r":{"a":0,"k":0,"ix":6},"o":{"a":0,"k":100,"ix":7},"sk":{"a":0,"k":0,"ix":4},"sa":{"a":0,"k":0,"ix":5},"nm":"Transform"}],"nm":"Group 2","np":3,"cix":2,"ix":2,"mn":"ADBE Vector Group","hd":false},{"ty":"gr","it":[{"ind":0,"ty":"sh","ix":1,"ks":{"a":0,"k":{"i":[[0,12.198],[10.651,1.633],[0,1.299],[10.171,0],[2.207,-0.936],[13.799,0],[0,-18.671],[-0.015,-0.418],[0,-12.217],[-13.933,0],[-0.584,0.04],[0,0],[0,0],[0,0]],"o":[[0,-11.107],[0.257,-1.224],[0,-10.171],[-2.549,0],[-5.254,-11.852],[-18.671,0],[0,0.422],[-11.531,2.325],[0,13.933],[0.595,0],[0,0],[0,0],[0,0],[12.173,-0.103]],"v":[[64.46,20.308],[45.65,-1.635],[46.043,-5.424],[27.626,-23.841],[20.443,-22.388],[-10.47,-42.51],[-44.275,-8.705],[-44.245,-7.448],[-64.46,17.281],[-39.232,42.51],[-37.465,42.442],[-37.465,42.51],[42.448,42.51],[42.448,42.505]],"c":true},"ix":2},"nm":"Path 1","mn":"ADBE Vector Shape - Group","hd":false},{"ty":"tm","s":{"a":1,"k":[{"i":{"x":[0],"y":[1]},"o":{"x":[0.51],"y":[0]},"n":["0_1_0p51_0"],"t":0,"s":[0],"e":[0]},{"t":28.7212511698405}],"ix":1},"e":{"a":1,"k":[{"i":{"x":[0],"y":[1]},"o":{"x":[0.51],"y":[0]},"n":["0_1_0p51_0"],"t":0,"s":[0],"e":[74]},{"t":28.7212511698405}],"ix":2},"o":{"a":0,"k":0,"ix":3},"m":1,"ix":2,"nm":"Trim Paths 1","mn":"ADBE Vector Filter - Trim","hd":false},{"ty":"st","c":{"a":0,"k":[0.10980392156862745,0.4666666666666667,0.9921568627450981,1],"ix":3},"o":{"a":0,"k":100,"ix":4},"w":{"a":0,"k":3,"ix":5},"lc":1,"lj":1,"ml":10,"ml2":{"a":0,"k":10,"ix":8},"nm":"Stroke 1","mn":"ADBE Vector Graphic - Stroke","hd":false},{"ty":"tr","p":{"a":0,"k":[71.959,50.011],"ix":2},"a":{"a":0,"k":[0,0],"ix":1},"s":{"a":0,"k":[100,100],"ix":3},"r":{"a":0,"k":0,"ix":6},"o":{"a":0,"k":100,"ix":7},"sk":{"a":0,"k":0,"ix":4},"sa":{"a":0,"k":0,"ix":5},"nm":"Transform"}],"nm":"Group 4","np":3,"cix":2,"ix":3,"mn":"ADBE Vector Group","hd":false},{"ty":"gr","it":[{"ind":0,"ty":"sh","ix":1,"ks":{"a":0,"k":{"i":[[0,12.198],[10.651,1.633],[0,1.299],[10.171,0],[2.207,-0.936],[13.799,0],[0,-18.671],[-0.015,-0.418],[0,-12.217],[-13.933,0],[-0.584,0.04],[0,0],[0,0],[0,0]],"o":[[0,-11.107],[0.257,-1.224],[0,-10.171],[-2.549,0],[-5.254,-11.852],[-18.671,0],[0,0.422],[-11.531,2.325],[0,13.933],[0.595,0],[0,0],[0,0],[0,0],[12.173,-0.103]],"v":[[64.46,20.308],[45.65,-1.635],[46.043,-5.424],[27.626,-23.841],[20.443,-22.388],[-10.47,-42.51],[-44.275,-8.705],[-44.245,-7.448],[-64.46,17.281],[-39.232,42.51],[-37.465,42.442],[-37.465,42.51],[42.448,42.51],[42.448,42.505]],"c":true},"ix":2},"nm":"Path 1","mn":"ADBE Vector Shape - Group","hd":false},{"ty":"tm","s":{"a":1,"k":[{"i":{"x":[0],"y":[1]},"o":{"x":[0.51],"y":[0]},"n":["0_1_0p51_0"],"t":0,"s":[0],"e":[82]},{"t":28.7212511698405}],"ix":1},"e":{"a":1,"k":[{"i":{"x":[0],"y":[1]},"o":{"x":[0.51],"y":[0]},"n":["0_1_0p51_0"],"t":0,"s":[0],"e":[100]},{"t":28.7212511698405}],"ix":2},"o":{"a":0,"k":0,"ix":3},"m":1,"ix":2,"nm":"Trim Paths 1","mn":"ADBE Vector Filter - Trim","hd":false},{"ty":"st","c":{"a":0,"k":[0.10980392156862745,0.4666666666666667,0.9921568627450981,1],"ix":3},"o":{"a":0,"k":100,"ix":4},"w":{"a":0,"k":3,"ix":5},"lc":1,"lj":1,"ml":10,"ml2":{"a":0,"k":10,"ix":8},"nm":"Stroke 1","mn":"ADBE Vector Graphic - Stroke","hd":false},{"ty":"tr","p":{"a":0,"k":[71.959,50.011],"ix":2},"a":{"a":0,"k":[0,0],"ix":1},"s":{"a":0,"k":[100,100],"ix":3},"r":{"a":0,"k":0,"ix":6},"o":{"a":0,"k":100,"ix":7},"sk":{"a":0,"k":0,"ix":4},"sa":{"a":0,"k":0,"ix":5},"nm":"Transform"}],"nm":"Group 3","np":3,"cix":2,"ix":4,"mn":"ADBE Vector Group","hd":false}],"ip":0,"op":318.431262969971,"st":0,"bm":0}],"markers":[]}