{"v":"5.5.7","meta":{"g":"LottieFiles AE 0.1.20","a":"","k":"","d":"","tc":""},"fr":29.9700012207031,"ip":0,"op":90.0000036657751,"w":278,"h":265,"nm":"Comp 1","ddd":0,"assets":[],"fonts":{"list":[{"fName":"Montserrat-Bold","fFamily":"Montserrat","fStyle":"Bold","ascent":74.1989135742188}]},"layers":[{"ddd":0,"ind":1,"ty":5,"nm":"?","sr":1,"ks":{"o":{"a":0,"k":100,"ix":11},"r":{"a":0,"k":0,"ix":10},"p":{"a":0,"k":[141,132.5,0],"ix":2},"a":{"a":0,"k":[-5.146,-176.64,0],"ix":1},"s":{"a":1,"k":[{"i":{"x":[0.667,0.667,0.667],"y":[1,1,1]},"o":{"x":[0.167,0.167,0.167],"y":[0.167,0.167,0.129]},"t":0,"s":[100,100,100]},{"i":{"x":[0.667,0.667,0.667],"y":[1,1,1]},"o":{"x":[0.167,0.167,0.167],"y":[0.167,0.167,-0.129]},"t":5,"s":[130,130,100]},{"i":{"x":[0.667,0.667,0.667],"y":[1,1,1]},"o":{"x":[0.167,0.167,0.167],"y":[0.167,0.167,0]},"t":11,"s":[100,100,100]},{"i":{"x":[0.667,0.667,0.667],"y":[1,1,1]},"o":{"x":[0.167,0.167,0.167],"y":[0.167,0.167,0]},"t":17,"s":[130,130,100]},{"t":23.0000009368092,"s":[100,100,100]}],"ix":6}},"ao":0,"t":{"d":{"k":[{"s":{"sz":[469.618072509766,512.152770996094],"ps":[-234.809036254883,-256.076385498047],"s":205,"f":"Montserrat-Bold","t":"?","j":2,"tr":5,"lh":246,"ls":0,"fc":[0,0,0]},"t":0}]},"p":{},"m":{"g":1,"a":{"a":0,"k":[0,0],"ix":2}},"a":[]},"ip":0,"op":102.000004154545,"st":0,"bm":0}],"markers":[],"chars":[{"ch":"?","size":205,"style":"Bold","w":57.2,"data":{"shapes":[{"ty":"gr","it":[{"ind":0,"ty":"sh","ix":1,"ks":{"a":0,"k":{"i":[[0,-14.099],[0,0],[0,16.113],[15.106,0],[5.438,-8.258],[0,0],[-6.445,0],[0,-4.935]],"o":[[0,0],[0,-10.675],[0,-11.884],[-13.596,0],[0,0],[3.223,-4.633],[6.546,0],[0,8.762]],"v":[[21.854,-24.472],[37.061,-24.472],[53.979,-53.073],[28.4,-71.704],[-0.101,-58.209],[12.085,-51.059],[26.688,-58.511],[37.564,-50.455]],"c":true},"ix":2},"nm":"?","mn":"ADBE Vector Shape - Group","hd":false},{"ind":1,"ty":"sh","ix":2,"ks":{"a":0,"k":{"i":[[-5.64,0],[0,5.035],[5.64,0],[0,-5.136]],"o":[[5.64,0],[0,-5.136],[-5.64,0],[0,5.035]],"v":[[29.507,0.806],[39.175,-8.359],[29.507,-17.322],[19.839,-8.359]],"c":true},"ix":2},"nm":"?","mn":"ADBE Vector Shape - Group","hd":false}],"nm":"?","np":5,"cix":2,"bm":0,"ix":1,"mn":"ADBE Vector Group","hd":false}]},"fFamily":"Montserrat"}]}
