{"v":"5.6.6","ip":0,"op":149,"fr":60,"w":30,"h":30,"layers":[{"ind":1316,"nm":"surface5412","ao":0,"ip":0,"op":720,"st":0,"ty":4,"ks":{"ty":"tr","o":{"k":100},"r":{"k":0},"p":{"a":0,"k":[15,15],"ix":2},"a":{"a":0,"k":[11.25,11.14],"ix":1},"s":{"a":0,"k":[100,100,100],"ix":6},"rx":{"a":0,"k":0,"ix":8},"ry":{"a":1,"k":[{"i":{"x":[0.67],"y":[1]},"o":{"x":[0.33],"y":[0]},"t":58,"s":[0]},{"t":107,"s":[360]}],"ix":9},"rz":{"a":0,"k":0,"ix":10},"or":{"a":0,"k":[0,0,0],"ix":7},"sk":{"k":0},"sa":{"k":0}},"shapes":[{"ty":"gr","hd":false,"nm":"surface5412","it":[{"ty":"gr","hd":false,"it":[{"ty":"sh","ks":{"k":{"i":[[0,0],[0.37,0.48],[0,0],[0,0],[0,1.94],[0,0],[-1.94,0],[0,0],[0,-1.94],[0,0],[0.48,0],[0,0.49],[0,0],[0.97,0],[0,0],[0,-0.97],[0,0],[-0.97,0],[0,0],[-0.16,-0.21],[0,0],[-0.04,0],[-0.05,0.06],[0,0],[0,0],[-0.27,0],[0,0],[0,0.97],[-0.48,0],[0,-0.48],[1.94,0],[0,0],[0,0],[0.61,0],[0,0]],"o":[[-0.61,0],[0,0],[0,0],[-1.94,0],[0,0],[0,-1.94],[0,0],[1.94,0],[0,0],[0,0.49],[-0.48,0],[0,0],[0,-0.97],[0,0],[-0.97,0],[0,0],[0,0.97],[0,0],[0.27,0],[0,0],[0.05,0.06],[0.05,0],[0,0],[0,0],[0.17,-0.21],[0,0],[0.97,0],[0,-0.48],[0.48,0],[0,1.94],[0,0],[0,0],[-0.37,0.48],[0,0],[0,0]],"v":[[11.24,22.28],[9.7,21.53],[7.45,18.68],[3.52,18.68],[0,15.16],[0,3.69],[3.52,0.18],[18.98,0.18],[22.5,3.69],[22.5,10.77],[21.62,11.64],[20.74,10.77],[20.74,3.69],[18.98,1.93],[3.52,1.93],[1.76,3.69],[1.76,15.16],[3.52,16.92],[7.88,16.92],[8.57,17.26],[11.09,20.45],[11.24,20.52],[11.4,20.45],[11.41,20.44],[13.9,17.25],[14.59,16.92],[18.98,16.92],[20.74,15.16],[21.62,14.28],[22.5,15.16],[18.98,18.68],[15.02,18.68],[12.79,21.52],[11.25,22.28],[11.24,22.28]],"c":true}}},{"ty":"sh","ks":{"k":{"i":[[0,0],[0,0],[0.48,0],[0,-0.48],[0,0],[-0.48,0],[0,0.49]],"o":[[0,0],[0,-0.48],[-0.48,0],[0,0],[0,0.49],[0.48,0],[0,0]],"v":[[12.13,13.58],[12.13,8.83],[11.25,7.95],[10.37,8.83],[10.37,13.58],[11.25,14.46],[12.13,13.58]],"c":true}}},{"ty":"sh","ks":{"k":{"i":[[0,0],[0,-0.48],[-0.48,0],[0,0.48],[0.48,0]],"o":[[-0.48,0],[0,0.48],[0.48,0],[0,-0.48],[0,0]],"v":[[11.25,4.92],[10.37,5.8],[11.25,6.68],[12.13,5.8],[11.25,4.92]],"c":true}}},{"ty":"fl","o":{"k":100},"c":{"k":[0.01,0.69,0.07,1]}},{"ty":"tr","o":{"k":100},"r":{"k":0},"p":{"k":[0,0]},"a":{"k":[0,0]},"s":{"k":[100,100]},"sk":{"k":0},"sa":{"k":0},"hd":false}]},{"ty":"tr","o":{"k":100},"r":{"k":0},"p":{"k":[0,0]},"a":{"k":[0,0]},"s":{"k":[100,100]},"sk":{"k":0},"sa":{"k":0},"hd":false}]}]}],"meta":{"g":"LF SVG to Lottie"}}