{"v":"5.6.6","ip":0,"op":149,"fr":60,"w":50,"h":50,"layers":[{"ind":506,"nm":"surface1940","ao":0,"ip":0,"op":720,"st":0,"ty":4,"ks":{"ty":"tr","o":{"k":100},"r":{"k":0},"p":{"a":0,"k":[25,25],"ix":2},"a":{"a":0,"k":[18.54,17.54],"ix":1},"s":{"a":0,"k":[100,100,100],"ix":6},"rx":{"a":0,"k":0,"ix":8},"ry":{"a":1,"k":[{"i":{"x":[0.67],"y":[1]},"o":{"x":[0.33],"y":[0]},"t":58,"s":[0]},{"t":107,"s":[360]}],"ix":9},"rz":{"a":0,"k":0,"ix":10},"or":{"a":0,"k":[0,0,0],"ix":7},"sk":{"k":0},"sa":{"k":0}},"shapes":[{"ty":"gr","hd":false,"nm":"surface1940","it":[{"ty":"gr","hd":false,"it":[{"ty":"sh","ks":{"k":{"i":[[0,0],[0,0],[0.81,0],[0,-0.81],[0,0],[-0.81,0],[0,0.81]],"o":[[0,0],[0,-0.81],[-0.81,0],[0,0],[0,0.81],[0.81,0],[0,0]],"v":[[20.22,22.7],[20.22,11.94],[18.75,10.47],[17.29,11.94],[17.29,22.7],[18.75,24.17],[20.22,22.7]],"c":true}}},{"ty":"fl","o":{"k":100},"c":{"k":[1,0.55,0.05,1]}},{"ty":"tr","o":{"k":100},"r":{"k":0},"p":{"k":[0,0]},"a":{"k":[0,0]},"s":{"k":[100,100]},"sk":{"k":0},"sa":{"k":0},"hd":false}]},{"ty":"gr","hd":false,"it":[{"ty":"sh","ks":{"k":{"i":[[0,0],[0,0.81],[0.81,0],[0,-0.81],[-0.81,0]],"o":[[0.81,0],[0,-0.81],[-0.81,0],[0,0.81],[0,0]],"v":[[18.75,29.3],[20.22,27.83],[18.75,26.37],[17.29,27.83],[18.75,29.3]],"c":true}}},{"ty":"fl","o":{"k":100},"c":{"k":[1,0.55,0.05,1]}},{"ty":"tr","o":{"k":100},"r":{"k":0},"p":{"k":[0,0]},"a":{"k":[0,0]},"s":{"k":[100,100]},"sk":{"k":0},"sa":{"k":0},"hd":false}]},{"ty":"gr","hd":false,"it":[{"ty":"gr","hd":false,"it":[{"ty":"sh","ks":{"k":{"i":[[0,0],[0.75,-0.3],[-0.3,-0.75],[0.59,-0.88],[1.06,0],[0,0],[0.56,1.01],[-0.61,0.98],[0,0],[-1.1,0],[-0.58,-0.93],[0,0],[-0.69,0.43],[0.42,0.69],[0,0],[2.12,0],[1.12,-1.8],[0,0],[-1.09,-1.95],[-2.23,0],[0,0],[-1.14,1.69],[0.74,1.86]],"o":[[-0.3,-0.75],[-0.75,0.3],[0.38,0.95],[-0.59,0.87],[0,0],[-1.15,0],[-0.56,-1.01],[0,0],[0.58,-0.93],[1.1,0],[0,0],[0.42,0.69],[0.69,-0.42],[0,0],[-1.11,-1.8],[-2.12,0],[0,0],[-1.18,1.9],[1.09,1.95],[0,0],[2.05,0],[1.14,-1.68],[0,0]],"v":[[37.07,26.78],[35.17,25.96],[34.35,27.86],[34.02,30.78],[31.42,32.15],[6.08,32.15],[3.34,30.54],[3.41,27.35],[16.08,6.84],[18.75,5.35],[21.43,6.84],[30.8,22.01],[32.81,22.48],[33.29,20.47],[23.92,5.3],[18.75,2.42],[13.59,5.3],[0.92,25.81],[0.78,31.96],[6.08,35.08],[31.42,35.08],[36.44,32.42],[37.07,26.78]],"c":true}}},{"ty":"fl","o":{"k":100},"c":{"k":[1,0.55,0.05,1]}},{"ty":"tr","o":{"k":100},"r":{"k":0},"p":{"k":[0,0]},"a":{"k":[0,0]},"s":{"k":[100,100]},"sk":{"k":0},"sa":{"k":0},"hd":false}]},{"ty":"tr","o":{"k":100},"r":{"k":0},"p":{"k":[0,0]},"a":{"k":[0,0]},"s":{"k":[100,100]},"sk":{"k":0},"sa":{"k":0},"hd":false}]},{"ty":"tr","o":{"k":100},"r":{"k":0},"p":{"k":[0,0]},"a":{"k":[0,0]},"s":{"k":[100,100]},"sk":{"k":0},"sa":{"k":0},"hd":false}]}]}],"meta":{"g":"LF SVG to Lottie"}}